,Stories,beds,baths,price,Zip Code,Days on Market,Year Built,Lot Area,Property Type
0,12.0,5.0,4.0,5797000.0,10024,1,1912.0,7662, Coop
1,6.0,2.0,1.0,358000.0,11354,7,1952.0,226512.0, Coop
2,,6.0,4.0,1950000.0,11355,11,1915.0,4000, Residential Income
3,2.0,4.0,2.0,159000.0,10301,12,1915.0,3001, Multi Family
4,,1.0,1.0,85000.0,10460,6,1931.0,nan, Residential
5,,1.0,1.0,119000.0,11230,11,1940.0,nan, Coop
6,,1.0,1.0,119000.0,10467,12,1910.0,nan, Residential
7,,1.0,1.0,120000.0,10462,13,1930.0,nan, Residential
8,,1.0,1.0,80000.0,10455,15,1925.0,nan, Residential
9,3.0,10.0,6.0,1350000.0,11234,1,1974.0,3583, Multi Family
10,2.0,3.0,2.0,739000.0,10314,1,1920.0,3600, Residential
11,2.0,3.0,2.0,689000.0,10306,1,1950.0,4000, Residential
12,2.0,3.0,3.0,1250000.0,10307,1,1945.0,16552.8, Residential
13,2.0,6.0,3.0,1225000.0,11223,1,1931.0,871200.0, Apartment
14,,1.0,1.0,450000.0,10022,1,1960.0,nan, Coop
15,,2.0,2.0,1200000.0,11201,1,,nan, Condo
16,,2.0,2.0,1595000.0,11201,1,1849.0,nan, Coop
17,2.0,3.0,2.0,880000.0,11361,1,1950.0,2642, Single Family Home
18,,2.0,2.0,725000.0,10039,1,2003.0,nan, Coop
19,,1.0,1.0,450000.0,10022,1,1960.0,nan, Coop
20,,6.0,4.0,1199999.0,11434,1,1940.0,nan, Condo
21,,2.0,2.0,1200000.0,11201,1,,nan, Condo
22,2.0,3.0,3.0,1050000.0,11235,1,1940.0,2000, Single Family Home
23,3.0,10.0,6.0,1350000.0,11234,1,1974.0,3583, Multi Family
24,,2.0,2.0,1595000.0,11201,1,1849.0,nan, Coop
25,3.0,13.0,11.0,4999000.0,11204,180,2015.0,5201, Apartment
26,,,3.0,899000.0,11212,1,,2000, Residential
27,3.0,,4.0,4225888.0,11223,1,,2200, Residential
28,16.0,1.0,1.0,168000.0,10468,1,2007.0,355014.0, Coop
29,23.0,1.0,1.0,279000.0,11224,1,1964.0,189050.4, Coop
30,2.0,3.0,2.0,799000.0,11365,1,1940.0,1800, Single Family Home
31,2.0,3.0,2.0,739000.0,10314,1,1920.0,3600, Residential
32,2.0,3.0,2.0,689000.0,10306,1,1950.0,4000, Residential
33,3.0,2.0,2.0,524999.0,10309,1,1989.0,1550, Residential
34,2.0,3.0,3.0,1250000.0,10307,1,1945.0,16552.8, Residential
35,,3.0,2.0,2695000.0,11230,1,2017.0,nan, Condo
36,2.0,3.0,2.0,880000.0,11361,1,1950.0,2642, Single Family Home
37,,2.0,3.0,2370000.0,10016,1,2019.0,nan, Condo
38,,4.0,4.0,4900000.0,11222,1,1915.0,nan, Condo
39,,11.0,6.0,1798000.0,11103,1,1928.0,nan, Multi Family
40,,2.0,2.0,725000.0,10039,1,2003.0,nan, Coop
41,,2.0,1.0,289000.0,11235,1,1956.0,nan, Coop
42,2.0,6.0,4.0,1999000.0,11220,1,1908.0,2003, Multi Family
43,2.0,4.0,3.0,948000.0,11379,41,1935.0,2000, Residential Income
44,2.0,4.0,2.0,559000.0,11423,1,1940.0,2000, Single Family Home
45,6.0,1.0,1.0,595000.0,11355,1,1960.0,50093.99999999999, Apartment
46,,2.0,2.0,2000000.0,10065,1,1908.0,nan, Coop
47,2.0,6.0,3.0,1225000.0,11223,1,1931.0,871200.0, Apartment
48,,,1.0,525000.0,10022,1,1970.0,nan, Coop
49,,3.0,3.0,1800000.0,10022,1,1908.0,nan, Coop
50,7.0,2.0,2.0,760000.0,11235,1,2000.0,nan, Condo
51,30.0,1.0,1.0,899000.0,11249,1,2008.0,77972.40000000001, Condo
52,,3.0,2.0,475000.0,10473,1,1962.0,nan, Coop
53,,1.0,1.0,760000.0,10027,1,2022.0,nan, Condo
54,,1.0,2.0,2580000.0,10019,1,1907.0,nan, Condo
55,1.0,2.0,2.0,699000.0,11234,1,1930.0,3000, Single Family Home
56,1.0,5.0,2.0,1500000.0,11433,1,1901.0,4000, Single Family Home
57,12.0,5.0,4.0,5797000.0,10024,1,1912.0,7662, Coop
58,6.0,2.0,1.0,358000.0,11354,7,1952.0,226512.0, Coop
59,,6.0,4.0,1950000.0,11355,11,1915.0,4000, Residential Income
60,2.0,4.0,2.0,159000.0,10301,12,1915.0,3001, Multi Family
61,,1.0,1.0,85000.0,10460,6,1931.0,nan, Residential
62,,1.0,1.0,119000.0,11230,11,1940.0,nan, Coop
63,,1.0,1.0,119000.0,10467,12,1910.0,nan, Residential
64,,1.0,1.0,120000.0,10462,13,1930.0,nan, Residential
65,,1.0,1.0,80000.0,10455,15,1925.0,nan, Residential
66,3.0,10.0,6.0,1350000.0,11234,1,1974.0,3583, Multi Family
67,2.0,3.0,2.0,739000.0,10314,1,1920.0,3600, Residential
68,2.0,3.0,2.0,689000.0,10306,1,1950.0,4000, Residential
69,2.0,3.0,3.0,1250000.0,10307,1,1945.0,16552.8, Residential
70,2.0,6.0,3.0,1225000.0,11223,1,1931.0,871200.0, Apartment
71,,1.0,1.0,450000.0,10022,1,1960.0,nan, Coop
72,,2.0,2.0,1200000.0,11201,1,,nan, Condo
73,,2.0,2.0,1595000.0,11201,1,1849.0,nan, Coop
74,2.0,3.0,2.0,880000.0,11361,1,1950.0,2642, Single Family Home
75,,2.0,2.0,725000.0,10039,1,2003.0,nan, Coop
76,,1.0,1.0,450000.0,10022,1,1960.0,nan, Coop
77,,6.0,4.0,1199999.0,11434,1,1940.0,nan, Condo
78,,2.0,2.0,1200000.0,11201,1,,nan, Condo
79,2.0,3.0,3.0,1050000.0,11235,1,1940.0,2000, Single Family Home
80,3.0,10.0,6.0,1350000.0,11234,1,1974.0,3583, Multi Family
81,,2.0,2.0,1595000.0,11201,1,1849.0,nan, Coop
82,3.0,13.0,11.0,4999000.0,11204,180,2015.0,5201, Apartment
83,,,3.0,899000.0,11212,1,,2000, Residential
84,3.0,,4.0,4225888.0,11223,1,,2200, Residential
85,16.0,1.0,1.0,168000.0,10468,1,2007.0,355014.0, Coop
86,23.0,1.0,1.0,279000.0,11224,1,1964.0,189050.4, Coop
87,2.0,3.0,2.0,799000.0,11365,1,1940.0,1800, Single Family Home
88,2.0,3.0,2.0,739000.0,10314,1,1920.0,3600, Residential
89,2.0,3.0,2.0,689000.0,10306,1,1950.0,4000, Residential
90,3.0,2.0,2.0,524999.0,10309,1,1989.0,1550, Residential
91,2.0,3.0,3.0,1250000.0,10307,1,1945.0,16552.8, Residential
92,,3.0,2.0,2695000.0,11230,1,2017.0,nan, Condo
93,2.0,3.0,2.0,880000.0,11361,1,1950.0,2642, Single Family Home
94,,2.0,3.0,2370000.0,10016,1,2019.0,nan, Condo
95,,4.0,4.0,4900000.0,11222,1,1915.0,nan, Condo
96,,11.0,6.0,1798000.0,11103,1,1928.0,nan, Multi Family
97,,2.0,2.0,725000.0,10039,1,2003.0,nan, Coop
98,,2.0,1.0,289000.0,11235,1,1956.0,nan, Coop
99,2.0,6.0,4.0,1999000.0,11220,1,1908.0,2003, Multi Family
100,2.0,4.0,3.0,948000.0,11379,41,1935.0,2000, Residential Income
101,2.0,4.0,2.0,559000.0,11423,1,1940.0,2000, Single Family Home
102,6.0,1.0,1.0,595000.0,11355,1,1960.0,50093.99999999999, Apartment
103,,2.0,2.0,2000000.0,10065,1,1908.0,nan, Coop
104,2.0,6.0,3.0,1225000.0,11223,1,1931.0,871200.0, Apartment
105,,,1.0,525000.0,10022,1,1970.0,nan, Coop
106,,3.0,3.0,1800000.0,10022,1,1908.0,nan, Coop
107,7.0,2.0,2.0,760000.0,11235,1,2000.0,nan, Condo
108,30.0,1.0,1.0,899000.0,11249,1,2008.0,77972.40000000001, Condo
109,,3.0,2.0,475000.0,10473,1,1962.0,nan, Coop
110,,1.0,1.0,760000.0,10027,1,2022.0,nan, Condo
111,,1.0,2.0,2580000.0,10019,1,1907.0,nan, Condo
112,1.0,2.0,2.0,699000.0,11234,1,1930.0,3000, Single Family Home
113,1.0,5.0,2.0,1500000.0,11433,1,1901.0,4000, Single Family Home
114,1.0,3.0,1.0,679000.0,11413,1,1950.0,6000, Single Family Home
115,3.0,2.0,3.0,619000.0,10309,1,1986.0,1850, Residential
116,,3.0,2.0,1295000.0,11105,1,1950.0,nan, Multi Family
117,,1.0,2.0,1750000.0,10023,1,1969.0,nan, Coop
118,,4.0,4.0,3650000.0,10023,1,1969.0,nan, Coop
119,12.0,2.0,2.0,4895000.0,10012,1,2017.0,nan, Condo
120,2.0,2.0,1.0,650000.0,11228,1,2001.0,nan, Condo
121,5.0,1.0,2.0,747777.0,11233,1,2015.0,nan, Condo
122,,,,499000.0,11234,1,1960.0,2613, Single Family Home
123,,1.0,1.0,835000.0,10024,1,1926.0,nan, Coop
124,,1.0,1.0,674000.0,11206,1,2018.0,nan, Condo
125,2.0,4.0,3.0,1280000.0,11220,1,1910.0,2011, Multi Family
126,2.0,4.0,3.0,868000.0,10306,1,1950.0,6000, Residential
127,,2.0,1.0,1599000.0,11222,1,2022.0,nan, Condo
128,1.0,1.0,1.0,500000.0,11102,1,,nan, Residential
129,,6.0,3.0,679000.0,11422,1,1950.0,4000, Residential Income
130,,3.0,2.0,649999.0,11413,1,1950.0,4000, Residential
131,1.0,2.0,1.0,250000.0,11357,1,1950.0,nan, Residential
132,2.0,2.0,1.0,449000.0,11360,1,1950.0,nan, Residential
133,2.0,3.0,2.0,799000.0,11365,1,1940.0,1800, Residential
134,,3.0,1.0,1038000.0,11357,1,1920.0,5870, Residential
135,,1.0,1.0,168000.0,10468,1,1950.0,nan, Residential
136,,3.0,4.0,929000.0,11691,1,1965.0,2890, Residential
137,,3.0,3.0,580000.0,10467,1,1920.0,2500, Residential
138,2.5,4.0,4.0,2088000.0,11375,1,1930.0,1683, Single Family Home
139,2.0,3.0,4.0,729000.0,11413,1,1930.0,2100, Residential
140,,3.0,3.0,650000.0,11236,1,1925.0,2666, Residential
141,,4.0,2.0,639000.0,10469,1,1945.0,nan, Residential
142,2.0,4.0,2.0,550000.0,10473,1,1920.0,2500, Residential
143,1.0,,1.0,420000.0,11354,1,2011.0,nan, Residential
144,1.0,,1.0,460000.0,11354,1,2020.0,nan, Residential
145,2.0,3.0,2.0,599990.0,11413,1,1920.0,2610, Residential
146,1.0,1.0,1.0,660000.0,11354,1,2020.0,nan, Residential
147,2.0,6.0,2.0,1299000.0,11225,1,1901.0,2000, Residential Income
148,1.0,1.0,1.0,279000.0,11367,1,1964.0,nan, Residential
149,,5.0,2.0,1150000.0,10461,1,1950.0,2226, Residential Income
150,,4.0,2.0,1200000.0,11367,1,1950.0,4000, Residential
151,2.0,3.0,2.0,625000.0,10469,1,1960.0,2500, Residential
152,1.0,1.0,1.0,289000.0,11367,1,1955.0,nan, Residential
153,,3.0,2.0,585000.0,11434,1,1920.0,2400, Residential
154,,3.0,1.0,479999.0,11691,1,1930.0,nan, Single Family Home
155,3.0,6.0,2.0,950000.0,11412,1,1950.0,2200, Residential Income
156,1.0,3.0,2.0,1088000.0,11365,1,1945.0,3880, Single Family Home
157,35.0,2.0,3.0,4395000.0,10007,1,2008.0,nan, Condo
158,2.0,3.0,3.0,574000.0,10302,1,1946.0,2500, Residential
159,,1.0,1.0,299000.0,11375,1,1965.0,nan, Coop
160,2.0,5.0,5.0,1299000.0,11203,1,1920.0,2000, Multi Family
161,,4.0,2.0,799000.0,11229,1,1925.0,3600, Residential
162,4.0,18.0,7.0,4495000.0,10128,1,1910.0,nan, Townhouse
163,,4.0,3.0,5250000.0,10024,1,2008.0,nan, Condo
164,,2.0,2.0,1350000.0,11222,1,2001.0,nan, Condo
165,9.0,2.0,2.0,2750000.0,10013,1,1910.0,nan, Condo
166,,1.0,1.0,399000.0,11226,1,1942.0,nan, Coop
167,1.0,2.0,1.0,249999.0,10467,1,2006.0,nan, Residential
168,,4.0,3.0,2485000.0,10023,1,1985.0,nan, Residential
169,1.0,2.0,2.0,698000.0,11355,1,1986.0,1.189, Residential
170,1.0,2.0,1.0,279000.0,11414,1,1962.0,nan, Residential
171,,1.0,1.0,575000.0,10016,1,1955.0,nan, Coop
172,,1.0,1.0,218000.0,11418,1,1928.0,nan, Coop
173,,,1.0,440000.0,10003,1,1954.0,nan, Coop
174,,1.0,1.0,744650.0,11355,1,2022.0,nan, Condo
175,,1.0,1.0,713700.0,11355,1,2022.0,nan, Condo
176,19.0,1.0,2.0,2000000.0,10011,1,2015.0,nan, Condo
177,,2.0,2.0,475000.0,11224,1,1964.0,nan, Coop
178,,3.0,3.0,1850000.0,11238,1,1926.0,nan, Coop
179,2.0,3.0,2.0,878900.0,11385,1,1950.0,2300, Residential
180,2.0,3.0,1.0,908886.0,10308,1,1980.0,3488, Residential
181,2.0,4.0,4.0,1049000.0,10308,1,1950.0,5300, Residential
182,,2.0,2.0,1125000.0,10016,1,1969.0,nan, Coop
183,12.0,2.0,1.0,850000.0,10022,1,1956.0,nan, Coop
184,5.0,3.0,3.0,2500000.0,11238,1,2015.0,nan, Condo
185,9.0,1.0,1.0,1395000.0,10003,1,1903.0,nan, Condo
186,2.0,4.0,2.0,460000.0,11420,1,2007.0,3031, Multi Family
187,3.0,2.0,2.0,649000.0,11429,1,1925.0,2600, Residential
188,,16.0,14.0,5400000.0,11204,1,2017.0,nan, Multi Family
189,,2.0,2.0,1850000.0,11231,1,2014.0,nan, Condo
190,6.0,1.0,1.0,795000.0,11238,1,1939.0,nan, Condo
191,15.0,1.0,1.0,549000.0,10065,1,1927.0,nan, Coop
192,4.0,1.0,1.0,775000.0,11231,1,2007.0,3000, Condo
193,42.0,3.0,3.0,4085000.0,10069,1,2006.0,nan, Condo
194,,2.0,2.0,1650000.0,11109,1,2008.0,nan, Condo
195,,1.0,2.0,1205000.0,11201,1,2021.0,nan, Condo
196,,1.0,1.0,695000.0,10021,1,1962.0,nan, Coop
197,,2.0,1.0,499898.0,11375,1,1964.0,nan, Coop
198,2.5,5.0,3.0,2000000.0,11210,1,1920.0,5000, Single Family Home
199,2.0,4.0,3.0,1450000.0,11209,1,1925.0,2000, Multi Family
200,1.0,3.0,2.0,938000.0,11223,1,1950.0,1850, Residential
201,,2.0,2.0,560000.0,11229,1,1940.0,1600, Residential
202,,2.0,1.0,650000.0,10039,1,,nan, Apartment
203,,5.0,5.0,12000000.0,10013,1,1910.0,nan, Condo
204,12.0,2.0,1.0,299000.0,10462,1,,nan, Condo
205,2.75,3.0,2.0,648000.0,11210,1,1930.0,2000, Single Family Home
206,6.0,2.0,1.0,469000.0,11374,1,1959.0,nan, Coop
207,15.0,3.0,3.0,2100000.0,10025,1,1926.0,nan, Condo
208,,5.0,4.0,1200000.0,11210,1,,4000, Residential
209,,,1.0,405000.0,10128,1,1950.0,nan, Coop
210,,4.0,4.0,5995000.0,10010,1,2022.0,nan, Condo
211,,2.0,2.0,2175000.0,11201,1,2021.0,nan, Condo
212,12.0,2.0,1.0,275000.0,10462,1,,nan, Condo
213,6.0,3.0,2.0,2375000.0,10024,1,1920.0,nan, Condo
214,2.0,2.0,2.0,399000.0,10303,1,1915.0,7200, Residential
215,2.0,3.0,3.0,849000.0,10309,1,1930.0,7000, Residential
216,,4.0,3.0,749000.0,11694,1,,3000, Residential
217,,1.0,1.0,525000.0,10029,1,2011.0,nan, Coop
218,,1.0,2.0,1135000.0,11201,1,2021.0,nan, Condo
219,8.0,1.0,1.0,349000.0,10040,1,1963.0,nan, Coop
220,8.0,2.0,3.0,1895000.0,11249,1,2016.0,nan, Condo
221,2.0,8.0,3.0,675000.0,10466,1,1901.0,2577, Multi Family
222,1.0,1.0,1.0,279000.0,10463,1,1988.0,4017, Condo
223,2.0,3.0,3.0,799000.0,11229,1,1925.0,3537, Single Family Home
224,,1.0,1.0,1235000.0,11201,1,2021.0,nan, Condo
225,,4.0,3.0,2485000.0,10023,1,1985.0,nan, Condo
226,16.0,2.0,1.0,1695000.0,10002,1,2010.0,nan, Condo
227,,1.0,1.0,840000.0,10024,1,1929.0,nan, Coop
228,3.0,8.0,4.0,2799000.0,11222,1,1899.0,1700, Multi Family
229,21.0,,1.0,645000.0,10010,1,2007.0,nan, Condo
230,,2.0,1.0,675000.0,11204,1,2015.0,nan, Residential
231,,2.0,2.0,989000.0,11365,1,1945.0,4000, Residential
232,2.0,1.0,3.0,819000.0,11234,1,1960.0,2800, Residential
233,2.0,5.0,4.0,1190000.0,10314,1,1970.0,5000, Residential
234,,4.0,3.0,749000.0,11694,1,1920.0,nan, Multi Family
235,,1.0,2.0,2148000.0,10007,1,1930.0,nan, Condo
236,,2.0,1.0,549000.0,11354,1,2001.0,nan, Condo
237,2.0,2.0,2.0,365000.0,10465,1,1925.0,nan, Single Family Home
238,,7.0,5.0,1150000.0,11412,1,1950.0,nan, Multi Family
239,2.5,4.0,2.0,1199000.0,11226,1,1925.0,2500, Multi Family
240,16.0,1.0,1.0,660000.0,10022,1,1956.0,nan, Condo
241,16.0,2.0,2.0,1399000.0,10025,1,1929.0,nan, Coop
242,,,1.0,299000.0,11218,1,1953.0,nan, Coop
243,,3.0,3.0,2995000.0,10022,1,1938.0,nan, Coop
244,3.0,6.0,3.0,1999999.0,11223,1,1915.0,2000, Residential
245,,6.0,3.0,1150000.0,10465,1,1935.0,5001, Residential Income
246,,1.0,3.0,1520000.0,11222,1,2020.0,nan, Condo
247,,1.0,1.0,289000.0,11377,1,,nan, Coop
248,,2.0,1.0,1325000.0,10025,1,1920.0,nan, Coop
249,,1.0,1.0,725000.0,10075,1,1931.0,nan, Coop
250,,2.0,1.0,499000.0,11232,1,1921.0,nan, Coop
251,2.0,3.0,2.0,799000.0,11234,1,1955.0,1500, Multi Family
252,,2.0,1.0,950000.0,10021,1,1938.0,nan, Coop
253,,2.0,2.0,2695000.0,10002,1,2021.0,nan, Condo
254,3.0,3.0,3.0,479999.0,11435,1,1930.0,2002, Residential
255,,4.0,2.0,550000.0,11423,1,1920.0,5240, Residential
256,1.0,5.0,3.0,2100000.0,11219,1,1940.0,2078, Residential
257,,4.0,2.0,959000.0,11234,1,1930.0,2500, Residential
258,,,,549999.0,NY,1,,7980, Land
259,2.0,2.0,2.0,412000.0,10304,1,1989.0,1080, Residential
260,2.0,3.0,2.0,479000.0,10303,1,1992.0,1469, Residential
261,2.0,3.0,3.0,728000.0,10306,1,1989.0,2450, Residential
262,1.0,1.0,1.0,299900.0,10312,1,1915.0,2500, Residential
263,1.0,3.0,2.0,769000.0,10309,1,1940.0,6600, Residential
264,,2.0,2.0,2375000.0,10282,1,2002.0,nan, Coop
265,1.0,1.0,1.0,218888.0,11375,1,1963.0,nan, Residential
266,1.0,1.0,1.0,189000.0,11367,1,1949.0,nan, Residential
267,2.0,8.0,5.0,1999000.0,11235,1,1920.0,1800, Residential
268,,,1.0,939000.0,10013,1,2009.0,nan, Apartment
269,,1.0,1.0,1195000.0,10001,1,2022.0,nan, Condo
270,,1.0,1.0,1345000.0,10282,1,2002.0,nan, Coop
271,,3.0,3.0,4795000.0,10013,1,2009.0,nan, Apartment
272,,,1.0,230000.0,10026,1,,nan, Coop
273,,1.0,1.0,599999.0,10024,1,1930.0,nan, Coop
274,2.0,3.0,3.0,629000.0,10465,1,1940.0,1726, Single Family Home
275,2.0,5.0,3.0,1199999.0,11417,1,1925.0,3000, Residential Income
276,3.0,4.0,4.0,1198000.0,11362,1,1977.0,2310, Residential Income
277,,2.0,2.0,2350000.0,10013,1,2009.0,nan, Apartment
278,,1.0,1.0,649000.0,10016,1,1964.0,nan, Coop
279,,,1.0,375000.0,10011,1,1928.0,nan, Coop
280,49.0,2.0,2.0,2100000.0,10017,1,1984.0,nan, Condo
281,31.0,1.0,2.0,1395000.0,10021,1,1986.0,nan, Condo
282,2.0,5.0,3.0,825000.0,10473,1,2001.0,1950, Multi Family
283,47.0,2.0,2.0,1795000.0,10005,1,2008.0,nan, Condo
284,6.0,2.0,2.0,1100000.0,10039,1,1903.0,30056.399999999998, Condo
285,,3.0,3.0,799000.0,11236,1,1960.0,2000, Residential Income
286,,4.0,4.0,500000.0,11411,1,1940.0,3698, Single Family Home
287,,2.0,2.0,1995000.0,11231,1,1900.0,nan, Condo
288,12.0,1.0,1.0,825000.0,10027,1,2020.0,nan, Condo
289,,2.0,1.0,900000.0,10022,1,1961.0,nan, Coop
290,,,1.0,319000.0,10019,1,1930.0,nan, Coop
291,2.0,6.0,3.0,829000.0,11208,1,1901.0,1667, Multi Family
292,2.0,3.0,2.0,979000.0,11361,1,1930.0,4103, Single Family Home
293,41.0,1.0,1.0,1888000.0,10022,1,2003.0,nan, Apartment
294,,2.0,2.0,2530000.0,11201,1,2020.0,nan, Condo
295,,3.0,1.0,559000.0,11423,1,1940.0,2740, Residential
296,2.0,4.0,4.0,875000.0,10312,1,2001.0,3000, Residential
297,2.0,3.0,2.0,619000.0,10312,1,1978.0,2508, Residential
298,2.0,6.0,5.0,1599999.0,10309,1,1988.0,10400, Residential
299,2.0,3.0,1.0,649900.0,10306,1,1935.0,6000, Residential
300,2.0,3.0,3.0,1180000.0,10301,1,1955.0,7500, Residential
301,2.0,3.0,2.0,549000.0,10302,1,1920.0,2850, Residential
302,,4.0,4.0,5795000.0,10013,1,2009.0,nan, Apartment
303,,3.0,3.0,5695000.0,10013,1,2009.0,nan, Apartment
304,,4.0,4.0,4795000.0,10013,1,2009.0,nan, Apartment
305,,4.0,4.0,5295000.0,10013,1,2009.0,nan, Apartment
306,,4.0,4.0,8495000.0,10013,1,2009.0,nan, Apartment
307,,4.0,3.0,5095000.0,10013,1,2009.0,nan, Apartment
308,,4.0,3.0,5495000.0,10013,1,2009.0,nan, Apartment
309,,3.0,4.0,6095000.0,10013,1,2009.0,nan, Apartment
310,,3.0,3.0,7250000.0,10013,1,2009.0,nan, Apartment
311,,3.0,3.0,4395000.0,10013,1,2009.0,nan, Apartment
312,7.0,1.0,1.0,435000.0,11207,1,2017.0,nan, Condo
313,1.5,,2.0,659000.0,11236,1,1899.0,2000, Single Family Home
314,,2.0,1.0,279000.0,11235,1,1955.0,nan, Coop
315,,1.0,1.0,1195000.0,10021,1,,nan, Coop
316,,2.0,2.0,1450000.0,11101,1,2019.0,nan, Condo
317,,1.0,1.0,1240000.0,10013,1,2009.0,nan, Apartment
318,,2.0,2.0,2550000.0,10013,1,2009.0,nan, Apartment
319,,1.0,1.0,1650000.0,10013,1,2009.0,nan, Apartment
320,,1.0,1.0,1795000.0,10013,1,2009.0,nan, Apartment
321,,1.0,1.0,2095000.0,10013,1,2009.0,nan, Apartment
322,,1.0,2.0,1995000.0,10013,1,2009.0,nan, Apartment
323,,,1.0,1195000.0,10013,1,2009.0,nan, Apartment
324,,2.0,2.0,2150000.0,10013,1,2009.0,nan, Apartment
325,,2.0,2.0,2850000.0,10013,1,2009.0,nan, Apartment
326,,2.0,2.0,2395000.0,10013,1,2009.0,nan, Apartment
327,,1.0,1.0,1395000.0,10013,1,2009.0,nan, Apartment
328,,,1.0,959000.0,10013,1,2009.0,nan, Apartment
329,,2.0,2.0,3495000.0,10013,1,2009.0,nan, Apartment
330,,1.0,1.0,1795000.0,10013,1,2009.0,nan, Apartment
331,,1.0,1.0,1370000.0,10013,1,2009.0,nan, Apartment
332,,1.0,1.0,1350000.0,10013,1,2009.0,nan, Apartment
333,,2.0,2.0,2250000.0,10013,1,2009.0,nan, Apartment
334,,1.0,1.0,900000.0,11101,1,2018.0,nan, Condo
335,,1.0,1.0,439000.0,11372,1,1920.0,nan, Condo
336,,3.0,2.0,1995000.0,10010,1,1951.0,nan, Apartment
337,16.0,1.0,1.0,975000.0,10038,1,1906.0,nan, Condo
338,,1.0,1.0,995000.0,10036,1,2008.0,nan, Condo
339,,1.0,1.0,1200000.0,10001,1,1890.0,nan, Coop
340,,1.0,1.0,480000.0,10022,1,1964.0,26136.0, Coop
341,,,1.0,750000.0,10019,1,1940.0,nan, Coop
342,2.5,10.0,6.0,1595000.0,10463,1,1925.0,5000, Multi Family
343,,2.0,2.0,1875000.0,10001,1,2017.0,nan, Condo
344,1.0,3.0,2.0,649000.0,11214,1,1920.0,2900, Multi Family
345,19.0,,1.0,900000.0,10011,1,1961.0,nan, Condo
346,12.0,5.0,4.0,5797000.0,10024,1,1912.0,7662, Coop
347,19.0,2.0,3.0,2695000.0,10001,1,1929.0,nan, Condo
348,27.0,2.0,2.0,1650000.0,10019,1,2005.0,nan, Condo
349,1.0,3.0,1.0,229000.0,11368,1,1910.0,nan, Residential
350,1.0,2.0,1.0,418000.0,11367,1,1949.0,nan, Residential
351,1.0,2.0,1.0,419000.0,11374,1,1960.0,nan, Residential
352,3.0,3.0,3.0,949000.0,11357,1,1960.0,2050, Residential
353,1.0,2.0,1.0,358000.0,11367,1,1975.0,nan, Residential
354,1.0,2.0,2.0,575000.0,11694,1,2006.0,nan, Residential
355,1.0,1.0,1.0,298000.0,11364,1,1950.0,nan, Residential
356,,1.0,1.0,259000.0,10019,1,1962.0,nan, Coop
357,,,2.0,349000.0,10025,1,1931.0,nan, Coop
358,2.0,3.0,3.0,709000.0,11429,1,1945.0,2000, Residential
359,,2.0,2.0,1865000.0,10065,1,1959.0,nan, Coop
360,,3.0,2.0,1250000.0,10022,1,1966.0,nan, Condo
361,,1.0,1.0,300000.0,11372,1,1928.0,nan, Coop
362,42.0,2.0,2.0,1950000.0,10019,1,2005.0,nan, Condo
363,,2.0,1.0,579000.0,11372,1,1955.0,nan, Coop
364,,,,880000.0,11434,1,2004.0,1777, Residential Income
365,2.0,6.0,5.0,1238000.0,11422,34,1970.0,3920, Multi Family
366,2.0,2.0,2.0,365000.0,10465,1,1920.0,nan, Residential
367,1.0,2.0,2.0,265000.0,10462,1,1936.0,nan, Residential
368,,3.0,3.0,550000.0,10466,1,1959.0,1799, Residential
369,2.0,,3.0,2400000.0,11215,1,1899.0,1667, Residential
370,,2.0,2.0,965000.0,10028,1,1958.0,nan, Coop
371,,3.0,3.0,1113000.0,10280,1,1990.0,nan, Residential
372,1.0,2.0,2.0,445000.0,11415,1,1941.0,nan, Residential
373,1.0,1.0,1.0,350000.0,11355,1,1954.0,nan, Residential
374,,4.0,2.0,885000.0,11361,1,1950.0,2654, Residential
375,,5.0,2.0,769000.0,10466,1,1945.0,2126, Residential Income
376,3.0,2.0,2.0,245000.0,11414,1,1960.0,nan, Residential
377,,3.0,2.0,979000.0,11361,1,1930.0,4104, Residential
378,,3.0,3.0,945000.0,11358,1,1940.0,2000, Residential
379,,6.0,3.0,699000.0,10452,1,1899.0,2143, Residential Income
380,,4.0,1.0,1275000.0,11367,1,1945.0,4000, Residential
381,,1.0,1.0,725000.0,10011,1,1964.0,nan, Coop
382,,2.0,1.0,369000.0,11214,1,1963.0,nan, Residential
383,2.0,3.0,2.0,499000.0,11236,1,1925.0,1750, Single Family Home
384,13.0,2.0,3.0,8495000.0,10013,1,2005.0,nan, Condo
385,,2.0,1.0,290000.0,10032,1,1900.0,nan, Coop
386,2.0,2.0,2.0,550000.0,11420,1,1930.0,2175, Residential
387,,5.0,3.0,1249000.0,11229,1,1945.0,3050, Residential Income
388,2.0,2.0,2.0,498000.0,11360,1,1952.0,nan, Residential
389,,4.0,2.0,559000.0,11423,1,1940.0,2000, Residential
390,1.0,3.0,2.0,779000.0,11360,1,1985.0,10.2011, Residential
391,,3.0,4.0,999888.0,11428,1,1930.0,1653, Residential Income
392,,5.0,7.0,749000.0,11208,1,1910.0,3838, Residential Income
393,,,1.0,2695000.0,10013,1,1861.0,nan, Coop
394,,6.0,2.0,919999.0,11413,1,1920.0,2095, Residential Income
395,,1.0,1.0,725000.0,10028,1,1913.0,nan, Coop
396,26.0,1.0,1.0,895000.0,10280,1,1987.0,nan, Condo
397,,,1.0,207900.0,11104,1,1936.0,nan, Coop
398,3.0,4.0,3.0,1080000.0,11357,1,1925.0,3300, Single Family Home
399,,6.0,3.0,730000.0,10470,2,1930.0,3325, Residential Income
400,,1.0,1.0,285000.0,10022,2,1962.0,nan, Coop
401,68.0,1.0,1.0,350000.0,10463,2,1949.0,nan, Condo
402,,1.0,1.0,1050000.0,10011,2,2006.0,nan, Condo
403,,2.0,2.0,950000.0,10035,2,2022.0,nan, Condo
404,2.0,3.0,2.0,875000.0,11379,2,1940.0,1350, Single Family Home
405,,3.0,3.0,789888.0,11234,2,1925.0,2060, Residential
406,1.0,1.0,1.0,240000.0,11435,2,1956.0,nan, Residential
407,1.0,2.0,1.0,499900.0,11375,2,1963.0,nan, Residential
408,1.0,2.0,2.0,515000.0,10314,2,2016.0,905, Residential
409,,,,289000.0,NY,2,,2000, Land
410,2.0,6.0,2.0,869000.0,10466,2,1910.0,2861, Residential Income
411,,1.0,1.0,539000.0,11235,2,2016.0,nan, Residential
412,,4.0,3.0,719000.0,11426,2,1920.0,3000, Residential
413,3.0,7.0,5.0,1480000.0,11361,2,1970.0,1950, Residential Income
414,,2.0,4.0,1169000.0,11428,2,1931.0,2300, Residential Income
415,,1.0,1.0,599000.0,10025,3,1924.0,nan, Coop
416,1.0,2.0,2.0,550000.0,10304,3,1950.0,3600, Residential
417,2.0,2.0,1.0,479000.0,10307,3,1984.0,792, Residential
418,,1.0,1.0,325000.0,11224,3,1964.0,nan, Coop
419,,13.0,3.0,1100000.0,11233,3,1901.0,1559, Multi Family
420,1.0,1.0,1.0,210000.0,11357,3,1950.0,nan, Residential
421,32.0,1.0,1.0,1199000.0,10023,3,1997.0,nan, Condo
422,,2.0,1.0,700000.0,10002,3,1920.0,nan, Coop
423,2.0,3.0,2.0,1400000.0,11209,3,1925.0,1625, Residential
424,67.0,1.0,2.0,1195000.0,10019,3,1986.0,8500, Condo
425,2.0,4.0,2.0,1150000.0,11204,3,1920.0,1306, Single Family Home
426,,2.0,2.0,885000.0,11693,3,2009.0,nan, Condo
427,,1.0,1.0,749000.0,11235,3,,nan, Residential
428,2.0,4.0,2.0,749999.0,10308,3,1965.0,4074, Residential
429,,5.0,2.0,1099000.0,10462,3,1950.0,3167, Residential Income
430,,,,399000.0,NY,3,,5388, Land
431,2.0,5.0,3.0,999000.0,11413,3,2004.0,2755, Residential Income
432,1.0,2.0,1.0,290000.0,10462,3,1941.0,nan, Residential
433,38.0,,1.0,758000.0,10006,3,1929.0,nan, Condo
434,1.0,2.0,1.0,215000.0,11423,3,1954.0,nan, Residential
435,,3.0,2.0,580000.0,11413,3,1920.0,4000, Residential
436,1.0,2.0,1.0,368000.0,11357,3,1950.0,nan, Residential
437,,1.0,1.0,285000.0,10022,3,1962.0,nan, Residential
438,,11.0,5.0,1450000.0,11372,3,1925.0,3000, Residential Income
439,,6.0,4.0,1049000.0,11207,3,2022.0,2500, Residential Income
440,,5.0,5.0,1100000.0,11435,3,2021.0,2500, Residential Income
441,12.0,,1.0,595000.0,11101,3,2011.0,19602.0, Condo
442,2.0,5.0,4.0,2300000.0,11219,3,1930.0,2613, Multi Family
443,2.0,5.0,3.0,858000.0,10314,3,2004.0,2001, Residential
444,3.0,1.0,1.0,638000.0,11104,3,1939.0,nan, Residential
445,,4.0,3.0,1150000.0,11365,3,1960.0,3800, Residential
446,6.0,2.0,2.0,2125000.0,10011,3,2012.0,nan, Condo
447,,1.0,1.0,775000.0,10011,3,1899.0,nan, Coop
448,,4.0,3.0,1895000.0,11217,3,1920.0,nan, Coop
449,2.0,8.0,6.0,2699000.0,11220,3,1925.0,2613, Multi Family
450,,3.0,2.0,539000.0,11434,4,1920.0,nan, Condo
451,3.0,3.0,2.0,839000.0,11379,4,1930.0,2600, Residential
452,,3.0,2.0,675000.0,11420,4,1925.0,2442, Residential
453,6.0,1.0,1.0,918000.0,11215,4,1923.0,nan, Coop
454,13.0,2.0,2.0,2600000.0,10065,4,1941.0,nan, Condo
455,1.0,3.0,2.0,499900.0,10312,4,1976.0,4000, Residential
456,,3.0,2.0,2900000.0,10003,4,1900.0,nan, Coop
457,21.0,3.0,3.0,4150000.0,10065,4,1951.0,nan, Condo
458,42.0,1.0,2.0,3500000.0,10019,4,1930.0,1, Condo
459,1.0,2.0,2.0,598000.0,11373,4,1987.0,nan, Residential
460,,1.0,1.0,925000.0,11211,4,2021.0,nan, Condo
461,,6.0,4.0,1199000.0,11236,4,1965.0,3467, Multi Family
462,,2.0,1.0,875000.0,10025,4,1905.0,nan, Coop
463,2.5,3.0,3.0,600000.0,11413,4,1935.0,3200, Single Family Home
464,,3.0,2.0,699000.0,11235,4,1962.0,nan, Residential
465,3.0,8.0,4.0,2900000.0,11206,4,1899.0,1710, Multi Family
466,,3.0,2.0,675000.0,11234,4,1925.0,1799, Single Family Home
467,,1.0,1.0,229000.0,11377,4,,nan, Coop
468,,2.0,2.0,2400000.0,10014,4,2016.0,nan, Apartment
469,2.0,5.0,3.0,1450000.0,11385,4,1930.0,2800, Multi Family
470,,3.0,2.0,699000.0,11236,4,1960.0,2125, Residential
471,2.0,4.0,2.0,698880.0,10306,4,1950.0,4000, Residential
472,3.0,3.0,3.0,898000.0,10310,4,1920.0,5828, Residential
473,57.0,2.0,3.0,4495000.0,10021,4,1991.0,nan, Condo
474,,3.0,6.0,389000.0,10302,4,2003.0,1385, Residential
475,,2.0,1.0,299900.0,11230,4,1952.0,nan, Coop
476,2.0,6.0,5.0,1399000.0,11432,4,2022.0,3000, Residential Income
477,2.0,8.0,5.0,1768000.0,11356,4,2006.0,3610, Residential Income
478,1.0,2.0,2.0,528000.0,11360,4,1970.0,nan, Residential
479,44.0,1.0,1.0,759000.0,10280,4,1987.0,nan, Condo
480,3.0,3.0,2.0,839000.0,11379,4,1930.0,2600, Residential
481,2.0,4.0,3.0,485000.0,10465,4,,nan, Residential
482,,4.0,3.0,600000.0,11412,4,1920.0,3000, Residential Income
483,,3.0,2.0,819000.0,11426,4,1920.0,3108, Residential
484,2.0,3.0,3.0,800000.0,11427,4,1935.0,2970, Residential
485,2.0,4.0,3.0,1250000.0,11368,4,1940.0,2520, Residential Income
486,1.0,,1.0,169000.0,11361,4,1950.0,nan, Residential
487,,7.0,3.0,959000.0,10466,4,1950.0,2566, Residential Income
488,2.0,5.0,5.0,2249000.0,11221,4,1899.0,2000, Multi Family
489,2.0,4.0,2.0,1399000.0,11105,4,1950.0,1996, Multi Family
490,,4.0,3.0,899000.0,11432,4,1920.0,2442, Residential Income
491,2.0,3.0,2.0,989888.0,11358,4,1930.0,3000, Residential
492,1.0,1.0,2.0,445000.0,11005,4,1975.0,nan, Residential
493,1.0,2.0,2.0,689000.0,11355,4,1989.0,nan, Residential
494,,4.0,2.0,999000.0,11218,4,2008.0,nan, Residential
495,,2.0,2.0,2395000.0,10021,5,1932.0,nan, Coop
496,38.0,3.0,4.0,2995000.0,10022,5,1999.0,nan, Condo
497,3.0,,1.0,599000.0,11354,5,2017.0,nan, Residential
498,4.0,4.0,4.0,2195000.0,11205,5,2006.0,1342, Multi Family
499,12.0,2.0,2.0,3350000.0,10011,5,2015.0,nan, Condo
500,2.0,6.0,3.0,869000.0,11208,5,1899.0,1750, Multi Family
501,2.0,3.0,3.0,875000.0,10303,5,1988.0,4850, Residential
502,5.0,2.0,2.0,1175000.0,11238,5,1920.0,nan, Condo
503,1.0,2.0,1.0,460000.0,11354,5,1965.0,nan, Residential
504,3.0,2.0,3.0,539000.0,10314,5,1988.0,1160, Residential
505,,5.0,6.0,1550000.0,11379,5,1930.0,4700, Multi Family
506,,2.0,1.0,198000.0,10456,5,2008.0,nan, Coop
507,10.0,3.0,3.0,2900000.0,10007,5,1930.0,13068.0, Condo
508,,2.0,2.0,2095000.0,10016,5,2021.0,nan, Condo
509,,1.0,1.0,255000.0,11435,5,1956.0,nan, Coop
510,,2.0,1.0,305000.0,11203,5,1956.0,nan, Residential
511,,1.0,1.0,1350000.0,10012,5,1888.0,nan, Coop
512,,,,625000.0,NY,5,,5400, Land
513,3.0,3.0,2.0,565000.0,10302,5,1915.0,1750, Residential
514,,3.0,2.0,885000.0,11225,5,2006.0,nan, Condo
515,,3.0,3.0,3500000.0,10019,5,1963.0,nan, Coop
516,,2.0,2.0,1375000.0,10128,5,1942.0,nan, Coop
517,2.0,5.0,4.0,1500000.0,11203,5,1940.0,1710, Single Family Home
518,2.0,2.0,1.0,750000.0,11357,5,1945.0,1600, Single Family Home
519,,,,2700000.0,NY,5,,27442.8, Land
520,,9.0,6.0,1280000.0,10473,5,2022.0,2500, Residential Income
521,1.0,2.0,2.0,525000.0,11377,5,1963.0,nan, Residential
522,2.0,3.0,2.0,739888.0,11411,5,1935.0,4000, Single Family Home
523,3.0,3.0,3.0,659000.0,10314,5,1989.0,1470, Residential
524,3.0,4.0,3.0,799998.0,10305,5,1998.0,2800, Residential
525,2.0,3.0,2.0,750000.0,11369,6,1935.0,nan, Residential
526,,6.0,5.0,1099000.0,11434,6,2018.0,4000, Residential Income
527,,1.0,1.0,250000.0,11426,6,1950.0,nan, Coop
528,,,1.0,239999.0,11375,6,1949.0,nan, Coop
529,2.0,8.0,3.0,849000.0,11207,6,1910.0,2392, Multi Family
530,3.0,6.0,3.0,1056000.0,11385,6,1960.0,2000, Multi Family
531,6.0,2.0,1.0,249500.0,10471,6,1949.0,nan, Coop
532,,3.0,2.0,1195000.0,11226,6,1924.0,nan, Coop
533,2.0,5.0,4.0,1049000.0,11207,6,1920.0,2000, Multi Family
534,2.0,5.0,4.0,1450000.0,11360,6,1970.0,3200, Multi Family
535,2.0,3.0,2.0,489000.0,11429,6,1920.0,2613, Single Family Home
536,,3.0,2.0,529000.0,11691,6,1910.0,2498, Residential
537,,2.0,1.0,345000.0,11369,6,,nan, Coop
538,2.75,7.0,4.0,2000000.0,11230,6,1905.0,6000, Single Family Home
539,,1.0,1.0,279000.0,11375,6,1963.0,30927.6, Coop
540,2.0,4.0,3.0,899999.0,10310,6,1955.0,7248, Residential
541,,1.0,1.0,240000.0,10473,6,1962.0,nan, Residential
542,,3.0,2.0,1199000.0,10314,6,1977.0,10890, Residential
543,,4.0,2.0,999999.0,11377,6,1910.0,2500, Residential Income
544,3.0,5.0,6.0,2995000.0,11216,6,1899.0,1500, Multi Family
545,1.0,2.0,2.0,718000.0,11005,6,1975.0,nan, Residential
546,,2.0,1.0,1149000.0,11211,6,2007.0,nan, Condo
547,3.0,4.0,2.0,899000.0,11357,6,1930.0,3201, Single Family Home
548,3.0,,6.0,1100000.0,11221,6,1931.0,2500, Residential
549,2.0,2.0,3.0,899000.0,11357,6,1945.0,1600, Townhouse
550,,2.0,1.0,285000.0,10463,6,1955.0,nan, Coop
551,,3.0,4.0,8500000.0,10065,6,1916.0,nan, Coop
552,2.0,3.0,2.0,998000.0,11375,6,1940.0,1900, Single Family Home
553,2.0,3.0,2.0,565000.0,11421,6,1920.0,1423, Residential
554,,3.0,1.0,599000.0,11426,6,1950.0,4000, Residential
555,,,1.0,595000.0,10011,6,1973.0,nan, Coop
556,,2.0,1.0,255000.0,11229,6,,nan, Coop
557,,5.0,4.0,989999.0,11419,6,1905.0,2813, Residential Income
558,,2.0,1.0,509000.0,11235,6,1932.0,nan, Coop
559,4.0,2.0,2.0,1650000.0,11215,6,2015.0,nan, Condo
560,2.0,4.0,3.0,1180000.0,11369,6,1930.0,3900, Multi Family
561,,3.0,1.0,770000.0,11413,6,1935.0,3998, Single Family Home
562,3.0,3.0,3.0,598000.0,11692,6,,nan, Single Family Home
563,,8.0,6.0,2100000.0,11367,6,1970.0,3046, Residential Income
564,,2.0,2.0,1645000.0,11215,6,1940.0,nan, Multi Family
565,,2.0,1.0,469000.0,11693,6,1899.0,2575, Residential
566,2.0,6.0,2.0,1350000.0,11221,6,1930.0,2209, Multi Family
567,,4.0,1.0,949000.0,11369,6,1925.0,3115, Residential
568,,2.0,2.0,618000.0,10465,6,1940.0,2000, Residential
569,,3.0,3.0,680000.0,10461,6,1965.0,2940, Residential
570,3.0,1.0,1.0,338000.0,11355,6,1969.0,nan, Residential
571,3.0,2.0,1.0,750000.0,11357,6,1945.0,1600, Residential
572,,1.0,2.0,875000.0,10011,6,1910.0,nan, Coop
573,,6.0,2.0,850000.0,10462,6,1935.0,2500, Residential Income
574,3.0,3.0,2.0,870000.0,11358,6,1920.0,4687, Residential
575,,3.0,1.0,579000.0,10473,6,1945.0,nan, Residential
576,1.0,,1.0,165000.0,11435,6,1957.0,nan, Residential
577,2.0,3.0,2.0,565000.0,11421,6,1920.0,1423, Residential
578,,2.0,1.0,1300000.0,11373,6,1940.0,1350, Residential
579,2.0,3.0,3.0,819000.0,11420,6,1925.0,2348, Residential Income
580,1.0,2.0,1.0,249000.0,10459,6,2007.0,1881, Residential
581,2.0,3.0,3.0,699999.0,11203,6,1930.0,nan, Residential
582,1.0,1.0,1.0,335000.0,11354,6,1965.0,nan, Residential
583,,8.0,5.0,1379990.0,11422,6,2022.0,5000, Residential Income
584,,1.0,1.0,85000.0,10460,6,1931.0,nan, Residential
585,,3.0,2.0,635000.0,11436,6,1930.0,2000, Residential
586,2.0,6.0,3.0,899000.0,11207,6,1901.0,2333, Residential Income
587,4.0,16.0,8.0,1899000.0,11203,6,1910.0,2504, Residential
588,,5.0,5.0,1900000.0,11367,6,1950.0,2526, Single Family Home
589,1.0,3.0,2.0,1263000.0,11427,6,1955.0,5000, Single Family Home
590,1.0,5.0,2.0,1199000.0,11229,6,1940.0,2300, Multi Family
591,,4.0,2.0,945000.0,11427,82,1945.0,4000, Residential
592,,,,215000.0,11429,6,1930.0,3998, Single Family Home
593,3.0,5.0,3.0,1399000.0,10452,6,1912.0,1942, Apartment
594,2.0,3.0,3.0,1148000.0,11375,6,1920.0,2600, Single Family Home
595,2.0,3.0,2.0,648000.0,10314,6,1980.0,1600, Residential
596,,3.0,2.0,589000.0,10026,6,1999.0,nan, Coop
597,,,1.0,595000.0,10011,6,1977.0,nan, Residential
598,,1.0,1.0,925000.0,10022,6,1956.0,nan, Residential
599,,1.0,1.0,1150000.0,10016,6,2005.0,nan, Residential
600,,3.0,2.0,785000.0,11423,6,1925.0,2000, Residential
601,,1.0,1.0,239000.0,10467,6,1937.0,nan, Residential
602,,3.0,2.0,550000.0,11355,6,1961.0,nan, Coop
603,19.0,2.0,3.0,2200000.0,10022,6,1938.0,nan, Coop
604,1.5,6.0,5.0,1450000.0,11427,6,1945.0,4000, Single Family Home
605,18.0,1.0,1.0,959000.0,10028,6,1998.0,nan, Condo
606,2.0,4.0,4.0,1799000.0,10306,6,1999.0,6600, Residential
607,1.0,1.0,1.0,575000.0,11201,6,1958.0,nan, Residential
608,,2.0,4.0,2500000.0,11215,6,1920.0,nan, Apartment
609,,1.0,1.0,475000.0,10024,6,1925.0,nan, Coop
610,,,1.0,175000.0,11375,6,1951.0,nan, Coop
611,,2.0,1.0,325000.0,11415,6,1969.0,nan, Coop
612,3.0,4.0,3.0,1080000.0,11357,2,1925.0,3300, Single Family Home
613,,2.0,2.0,435000.0,11229,6,,nan, Residential
614,,1.0,1.0,280000.0,11372,6,1917.0,nan, Coop
615,,1.0,1.0,378000.0,11372,6,1951.0,nan, Coop
616,,1.0,1.0,465000.0,10028,6,1928.0,nan, Coop
617,,1.0,1.0,675000.0,10075,7,1961.0,nan, Coop
618,2.0,6.0,5.0,1125000.0,10310,7,2022.0,7880, Residential
619,1.0,2.0,2.0,609000.0,10306,7,1950.0,50093.99999999999, Residential
620,3.0,7.0,3.0,649999.0,11692,7,1930.0,3998, Multi Family
621,1.0,1.0,1.0,340000.0,11377,7,1961.0,nan, Residential
622,,4.0,5.0,14500000.0,10010,7,2016.0,nan, Condo
623,42.0,1.0,2.0,1675000.0,10065,7,1987.0,nan, Condo
624,,1.0,1.0,260000.0,11374,7,1955.0,nan, Coop
625,,3.0,1.0,1088000.0,10465,7,1960.0,3629, Residential Income
626,2.0,4.0,2.0,699000.0,11434,7,1925.0,2500, Single Family Home
627,,1.0,1.0,680000.0,10016,7,1966.0,nan, Coop
628,,1.0,1.0,319000.0,11230,7,1962.0,nan, Coop
629,36.0,2.0,2.0,1850000.0,10005,7,2008.0,nan, Condo
630,,1.0,1.0,399500.0,10003,7,1910.0,nan, Coop
631,,1.0,1.0,389000.0,10028,7,1910.0,nan, Coop
632,2.0,3.0,2.0,530000.0,11212,7,1986.0,1800, Single Family Home
633,2.0,3.0,1.0,620000.0,11234,7,1925.0,2000, Single Family Home
634,23.0,1.0,1.0,950000.0,10280,7,1985.0,nan, Condo
635,,4.0,4.0,850000.0,11423,7,1925.0,3125, Residential
636,2.0,3.0,4.0,899000.0,10310,7,2022.0,4309.87, Residential
637,2.0,3.0,4.0,899000.0,10310,7,2022.0,4309.87, Residential
638,,3.0,2.0,2900000.0,10011,7,1952.0,nan, Coop
639,2.0,3.0,4.0,2449000.0,11235,7,1940.0,4000, Single Family Home
640,3.0,5.0,4.0,2988888.0,11233,7,1889.0,1850, Residential Income
641,,42.0,17.0,3250000.0,11230,7,1931.0,nan, Multi Family
642,,2.0,1.0,469000.0,10033,7,1923.0,nan, Coop
643,49.0,1.0,2.0,1400000.0,10017,7,1984.0,nan, Condo
644,2.0,5.0,3.0,1650000.0,11237,7,1931.0,1121, Multi Family
645,,2.0,3.0,1760000.0,10022,7,1963.0,nan, Coop
646,2.0,,2.0,4700000.0,11226,7,1930.0,3600, Residential
647,2.0,3.0,4.0,599000.0,11420,7,1920.0,2000, Residential
648,,2.0,2.0,988575.0,11355,7,2022.0,nan, Condo
649,,2.0,2.0,1500000.0,10011,7,1961.0,nan, Coop
650,2.0,2.0,1.0,790000.0,10314,7,1939.0,3000, Residential
651,2.0,3.0,1.0,689000.0,10306,7,1950.0,5000, Residential
652,3.0,3.0,3.0,550000.0,10309,7,1987.0,1750, Residential
653,,1.0,1.0,530000.0,10025,7,1907.0,nan, Coop
654,19.0,1.0,1.0,765000.0,10016,7,1963.0,nan, Condo
655,,2.0,2.0,1799000.0,10065,7,1983.0,nan, Coop
656,,,,1999000.0,NY,7,,2500, Land
657,1.0,1.0,1.0,308000.0,11373,7,1953.0,nan, Residential
658,2.0,4.0,1.0,439000.0,10457,7,1901.0,1938, Residential
659,6.0,2.0,1.0,358000.0,11354,7,1952.0,226512.0, Coop
660,,12.0,6.0,1400000.0,11207,7,1910.0,nan, Multi Family
661,,1.0,1.0,931500.0,11102,7,2022.0,nan, Condo
662,,2.0,1.0,429000.0,11375,7,1950.0,nan, Coop
663,,1.0,1.0,135000.0,10455,7,1924.0,nan, Residential
664,,4.0,4.0,729999.0,10469,7,1940.0,1999, Residential Income
665,2.0,4.0,3.0,1199000.0,11365,7,1955.0,4000, Residential
666,2.0,4.0,2.0,850000.0,11385,7,1931.0,2000, Residential
667,,3.0,2.0,699999.0,10461,7,1920.0,2901, Residential
668,,1.0,1.0,135000.0,10455,7,1924.0,nan, Residential
669,,3.0,2.0,594000.0,10306,7,1988.0,nan, Residential
670,1.0,3.0,4.0,995000.0,11005,7,1975.0,nan, Residential
671,2.0,4.0,2.0,805000.0,11411,7,1935.0,4500, Residential
672,,3.0,3.0,1299000.0,11367,7,1965.0,5520, Residential
673,1.0,2.0,2.0,525000.0,11374,7,1962.0,nan, Residential
674,,4.0,4.0,1715000.0,11362,7,1950.0,5732, Residential
675,,3.0,3.0,575000.0,10473,7,1935.0,2500, Residential
676,,5.0,3.0,825000.0,11433,7,2006.0,2000, Residential Income
677,1.0,3.0,2.0,590000.0,11374,7,1962.0,nan, Residential
678,,2.0,1.0,275000.0,10462,7,1940.0,nan, Residential
679,2.0,3.0,2.0,729000.0,11364,7,1983.0,nan, Residential
680,,6.0,3.0,949990.0,11422,7,1968.0,4000, Residential Income
681,,6.0,3.0,849000.0,10469,7,1970.0,1921, Residential Income
682,,5.0,4.0,1150000.0,11420,7,1935.0,3000, Residential Income
683,,2.0,1.0,449900.0,11208,7,1899.0,1190, Residential
684,,2.0,2.0,499990.0,11412,7,1920.0,2200, Residential
685,1.0,2.0,1.0,574900.0,11225,7,1931.0,nan, Residential
686,2.0,4.0,2.0,875000.0,11356,7,1910.0,2500, Residential Income
687,3.0,1.0,1.0,470000.0,11354,7,1984.0,10890.0, Residential
688,,,,139900.0,NY,7,,3120, Land
689,,,,139900.0,NY,7,,3900, Land
690,,,,170000.0,NY,7,,4400, Land
691,,6.0,4.0,2950000.0,11358,7,2005.0,5500, Residential
692,,,,1500000.0,NY,7,,2000, Land
693,20.0,2.0,2.0,1650000.0,10075,7,1958.0,nan, Coop
694,,2.0,3.0,1950000.0,10065,7,1922.0,nan, Coop
695,,5.0,3.0,829000.0,10466,7,1962.0,1969, Residential Income
696,1.0,1.0,1.0,140000.0,10470,7,1959.0,nan, Residential
697,3.0,11.0,3.0,999988.0,10472,7,1930.0,2500, Residential Income
698,2.0,3.0,2.0,989000.0,11105,7,1930.0,2000, Residential
699,,,1.0,495000.0,10001,7,1963.0,nan, Coop
700,2.0,5.0,3.0,708888.0,10473,7,2002.0,4930, Single Family Home
701,,3.0,3.0,748000.0,11214,7,2005.0,nan, Residential
702,,6.0,3.0,1549999.0,11428,7,2002.0,3067, Residential Income
703,,2.0,2.0,950000.0,11230,7,2017.0,nan, Condo
704,,1.0,1.0,228000.0,11105,7,1923.0,nan, Coop
705,,3.0,2.0,699999.0,10027,7,1932.0,7569, Coop
706,1.0,2.0,1.0,359000.0,11354,7,1951.0,nan, Residential
707,3.0,8.0,3.0,1395000.0,11222,7,1910.0,1325, Residential Income
708,,3.0,2.0,689000.0,11203,7,1950.0,2200, Residential Income
709,1.0,3.0,2.0,608000.0,11365,7,1986.0,nan, Residential
710,2.0,3.0,3.0,719000.0,10314,7,1993.0,2200, Residential
711,2.0,3.0,4.0,749000.0,10314,7,1993.0,2500, Residential
712,,,,1400000.0,NY,7,,6000, Land
713,2.0,2.0,2.0,449900.0,11212,7,1985.0,1800, Single Family Home
714,2.0,5.0,3.0,3250000.0,11223,7,1930.0,2900, Residential
715,7.0,2.0,2.0,1250000.0,11238,7,2009.0,27007.2, Condo
716,,3.0,3.0,4575000.0,11201,7,2021.0,nan, Condo
717,1.0,2.0,2.0,3495000.0,10065,7,1928.0,nan, Condo
718,,2.0,2.0,1325000.0,10065,7,1964.0,nan, Coop
719,6.0,2.0,2.0,1300000.0,10024,7,1920.0,nan, Condo
720,1.0,1.0,1.0,249000.0,11369,7,1952.0,nan, Residential
721,,2.0,1.0,1375000.0,10025,7,1930.0,nan, Coop
722,2.0,4.0,2.0,315000.0,10308,7,1999.0,2500, Single Family Home
723,2.0,6.0,5.0,1088000.0,11208,7,1910.0,1999, Townhouse
724,2.0,4.0,3.0,1199000.0,11368,8,1920.0,2000, Residential Income
725,,3.0,2.0,680000.0,11412,8,1930.0,nan, Single Family Home
726,,1.0,1.0,763600.0,11105,8,1930.0,nan, Apartment
727,,,1.0,595000.0,10022,8,1968.0,nan, Coop
728,,1.0,1.0,145000.0,10461,8,1970.0,nan, Coop
729,,1.0,1.0,360000.0,10463,8,1962.0,nan, Coop
730,,2.0,1.0,349000.0,11372,8,1955.0,nan, Coop
731,30.0,1.0,1.0,639000.0,10022,8,1977.0,nan, Coop
732,2.0,4.0,3.0,799000.0,10312,8,1979.0,6556, Residential
733,2.0,3.0,3.0,833000.0,10314,8,2014.0,12632.4, Residential
734,3.0,3.0,2.0,299000.0,10301,8,1920.0,3650, Residential
735,3.0,2.0,2.0,575000.0,10306,8,1991.0,1400, Residential
736,2.0,4.0,3.0,920000.0,10312,8,1970.0,4784, Residential
737,1.0,3.0,2.0,650000.0,10312,8,1960.0,6000, Residential
738,,2.0,2.0,1880000.0,11201,8,2021.0,nan, Condo
739,,1.0,1.0,1450000.0,10016,8,2020.0,nan, Condo
740,,2.0,2.0,2595000.0,10016,8,2020.0,nan, Condo
741,,4.0,4.0,9995000.0,10016,8,2020.0,nan, Condo
742,,10.0,3.0,2275000.0,11385,8,1901.0,2374, Multi Family
743,,1.0,1.0,550000.0,10028,8,1965.0,nan, Coop
744,,12.0,6.0,2050000.0,11103,8,1928.0,nan, Multi Family
745,2.0,3.0,2.0,698888.0,11364,8,1955.0,2600, Single Family Home
746,21.0,,1.0,750000.0,10069,8,2004.0,nan, Condo
747,2.0,3.0,2.0,679000.0,11234,8,1925.0,2000, Single Family Home
748,,3.0,1.0,438000.0,11357,8,1958.0,nan, Coop
749,,1.0,1.0,379900.0,11372,8,1946.0,nan, Coop
750,10.0,3.0,3.0,4095000.0,10011,8,1910.0,nan, Condo
751,11.0,2.0,3.0,5700000.0,10001,8,2017.0,nan, Condo
752,,2.0,1.0,210000.0,10032,8,1925.0,nan, Coop
753,2.0,4.0,4.0,750000.0,11203,8,1930.0,1950, Single Family Home
754,2.0,3.0,2.0,830000.0,11377,8,1950.0,2048, Single Family Home
755,2.0,3.0,2.0,299000.0,10469,8,2004.0,2134, Multi Family
756,3.0,10.0,5.0,1950000.0,10304,8,1899.0,13068.0, Residential Income
757,2.0,3.0,2.0,769000.0,10314,8,1925.0,4000, Residential
758,3.0,4.0,3.0,750000.0,10314,8,1981.0,2200, Residential
759,2.0,2.0,2.0,498000.0,10303,8,1987.0,990, Residential
760,2.0,2.0,2.0,549999.0,10312,8,1988.0,1060, Residential
761,3.0,3.0,4.0,1230000.0,11360,8,1960.0,3500, Residential
762,,2.0,2.0,428000.0,11360,8,,nan, Coop
763,11.0,2.0,2.0,2795000.0,10014,8,1960.0,nan, Condo
764,,,1.0,220000.0,10463,8,1963.0,nan, Coop
765,2.0,3.0,2.0,685000.0,10465,8,1960.0,3004, Single Family Home
766,2.0,3.0,2.0,1425000.0,11209,8,1925.0,1900, Apartment
767,,2.0,2.0,1499000.0,11205,8,2021.0,nan, Condo
768,,3.0,2.0,620000.0,10473,8,1945.0,2613, Single Family Home
769,6.0,1.0,1.0,269000.0,11375,8,1949.0,nan, Coop
770,2.0,3.0,2.0,655000.0,11417,8,1930.0,2500, Single Family Home
771,2.0,5.0,4.0,1399999.0,10309,8,2019.0,4266, Residential
772,2.0,4.0,2.0,927000.0,11379,8,1925.0,1593, Residential Income
773,,2.0,2.0,1550000.0,10023,8,1962.0,nan, Coop
774,2.0,3.0,2.0,649000.0,10465,8,1955.0,1800, Single Family Home
775,2.0,6.0,2.0,820000.0,11421,8,1920.0,1817, Multi Family
776,,6.0,5.0,1175000.0,11422,8,1950.0,3998, Single Family Home
777,3.0,3.0,2.0,540000.0,10309,8,1990.0,1310, Residential
778,2.0,1.0,1.0,185000.0,10301,8,1951.0,680, Residential
779,2.0,7.0,3.0,649000.0,10301,8,1920.0,2500, Residential
780,,1.0,1.0,339900.0,11375,8,,nan, Coop
781,18.0,2.0,2.0,2295000.0,10024,8,1988.0,nan, Condo
782,,5.0,3.0,1299995.0,10465,8,1925.0,nan, Residential Income
783,2.0,5.0,3.0,659000.0,11429,8,1920.0,2000, Residential Income
784,,4.0,3.0,829000.0,11417,8,1920.0,1978, Residential Income
785,,,1.0,165000.0,11435,8,1952.0,nan, Coop
786,,1.0,1.0,475000.0,10012,8,1900.0,nan, Coop
787,2.0,3.0,2.0,739000.0,11234,8,1935.0,1745, Single Family Home
788,11.0,1.0,2.0,2100000.0,10003,8,1930.0,nan, Condo
789,1.0,1.0,1.0,589000.0,11355,8,1959.0,nan, Residential
790,3.0,4.0,3.0,849000.0,11420,8,1920.0,4000, Residential
791,2.0,4.0,3.0,575000.0,11433,8,1930.0,3000, Residential
792,,1.0,1.0,299000.0,11235,8,,nan, Residential
793,2.0,4.0,3.0,1328000.0,11223,8,1925.0,2400, Residential
794,3.0,3.0,4.0,899900.0,10309,8,2016.0,2640, Residential
795,,2.0,3.0,3700000.0,10018,8,2020.0,nan, Condo
796,,1.0,1.0,765000.0,10019,8,1957.0,nan, Coop
797,,,1.0,325000.0,10017,8,1928.0,nan, Coop
798,,2.0,3.0,1280000.0,11357,8,1950.0,5000, Residential
799,3.0,,1.0,259000.0,11355,8,1960.0,nan, Residential
800,2.0,3.0,2.0,875000.0,11379,8,1940.0,1350, Residential
801,,2.0,2.0,840000.0,11354,8,1950.0,2519, Residential
802,1.0,3.0,1.0,169000.0,10465,8,,nan, Residential
803,,3.0,3.0,775000.0,10462,8,1940.0,2500, Residential
804,1.0,,3.0,339000.0,11580,1,1956.0,1537, Multi Family
805,1.0,3.0,3.0,1475000.0,11542,1,2020.0,nan, Residential
806,2.0,5.0,2.0,749000.0,11572,1,1962.0,7000, Residential
807,,4.0,3.0,699999.0,11558,1,1976.0,6000, Residential
808,,3.0,3.0,599000.0,11581,1,1950.0,4440, Residential
809,1.0,1.0,1.0,249999.0,11701,1,1960.0,nan, Residential
810,1.0,2.0,2.0,870000.0,11542,1,2020.0,nan, Residential
811,2.0,4.0,4.0,1795000.0,10580,1,1962.0,40075.200000000004, Residential
812,1.0,1.0,2.0,780000.0,11542,1,2020.0,nan, Residential
813,,4.0,2.0,649999.0,11003,1,1956.0,4000, Residential
814,3.0,4.0,3.0,1599000.0,11577,1,2023.0,5890, Residential
815,3.0,4.0,3.0,1599000.0,11577,1,2023.0,6060, Residential
816,2.0,3.0,2.0,849999.0,10801,1,1947.0,6521, Residential
817,3.0,4.0,3.0,1499000.0,11577,1,2023.0,5621, Residential
818,3.0,4.0,3.0,1499000.0,11577,1,2023.0,5621, Residential
819,1.0,1.0,1.0,379000.0,10543,1,1980.0,1411, Residential
820,,3.0,3.0,895000.0,10583,1,2014.0,2457, Residential
821,,2.0,1.0,359000.0,10704,1,1942.0,nan, Residential
822,,6.0,2.0,599000.0,10550,1,1900.0,5336, Residential Income
823,1.0,1.0,1.0,299000.0,11559,1,1973.0,nan, Residential
824,,3.0,2.0,695000.0,10543,1,1959.0,7466, Residential
825,1.0,2.0,1.0,169999.0,10552,1,1955.0,nan, Residential
826,,6.0,4.0,1650000.0,11561,1,2022.0,5500, Residential Income
827,,4.0,2.0,599000.0,11510,1,1929.0,5000, Residential
828,2.0,4.0,3.0,719000.0,11580,1,1951.0,10000, Residential
829,3.0,3.0,3.0,749000.0,11563,1,1923.0,6250, Residential
830,,4.0,2.0,350000.0,11550,1,1919.0,6251, Residential
831,,6.0,3.0,600000.0,11552,1,1970.0,5889, Residential
832,3.0,4.0,2.0,948000.0,11557,1,1946.0,12632.4, Residential
833,,3.0,2.0,715000.0,11565,1,1922.0,4400, Residential
834,12.0,5.0,4.0,5797000.0,10024,1,1912.0,7662, Coop
835,6.0,2.0,1.0,358000.0,11354,7,1952.0,226512.0, Coop
836,,6.0,4.0,1950000.0,11355,11,1915.0,4000, Residential Income
837,2.0,4.0,2.0,159000.0,10301,12,1915.0,3001, Multi Family
838,,1.0,1.0,85000.0,10460,6,1931.0,nan, Residential
839,,1.0,1.0,119000.0,11230,11,1940.0,nan, Coop
840,,1.0,1.0,119000.0,10467,12,1910.0,nan, Residential
841,,1.0,1.0,120000.0,10462,13,1930.0,nan, Residential
842,,1.0,1.0,80000.0,10455,15,1925.0,nan, Residential
843,3.0,10.0,6.0,1350000.0,11234,1,1974.0,3583, Multi Family
844,2.0,3.0,2.0,739000.0,10314,1,1920.0,3600, Residential
845,2.0,3.0,2.0,689000.0,10306,1,1950.0,4000, Residential
846,2.0,3.0,3.0,1250000.0,10307,1,1945.0,16552.8, Residential
847,2.0,6.0,3.0,1225000.0,11223,1,1931.0,871200.0, Apartment
848,,1.0,1.0,450000.0,10022,1,1960.0,nan, Coop
849,,2.0,2.0,1200000.0,11201,1,,nan, Condo
850,,2.0,2.0,1595000.0,11201,1,1849.0,nan, Coop
851,2.0,3.0,2.0,880000.0,11361,1,1950.0,2642, Single Family Home
852,,2.0,2.0,725000.0,10039,1,2003.0,nan, Coop
853,,1.0,1.0,450000.0,10022,1,1960.0,nan, Coop
854,,6.0,4.0,1199999.0,11434,1,1940.0,nan, Condo
855,,2.0,2.0,1200000.0,11201,1,,nan, Condo
856,2.0,3.0,3.0,1050000.0,11235,1,1940.0,2000, Single Family Home
857,3.0,10.0,6.0,1350000.0,11234,1,1974.0,3583, Multi Family
858,,2.0,2.0,1595000.0,11201,1,1849.0,nan, Coop
859,3.0,13.0,11.0,4999000.0,11204,180,2015.0,5201, Apartment
860,,,3.0,899000.0,11212,1,,2000, Residential
861,,,,,,nan,,nan,
862,16.0,1.0,1.0,168000.0,10468,1,2007.0,355014.0, Coop
863,23.0,1.0,1.0,279000.0,11224,1,1964.0,189050.4, Coop
864,2.0,3.0,2.0,799000.0,11365,1,1940.0,1800, Single Family Home
865,2.0,3.0,2.0,739000.0,10314,1,1920.0,3600, Residential
866,2.0,3.0,2.0,689000.0,10306,1,1950.0,4000, Residential
867,3.0,2.0,2.0,524999.0,10309,1,1989.0,1550, Residential
868,2.0,3.0,3.0,1250000.0,10307,1,1945.0,16552.8, Residential
869,,3.0,2.0,2695000.0,11230,1,2017.0,nan, Condo
870,2.0,3.0,2.0,880000.0,11361,1,1950.0,2642, Single Family Home
871,,2.0,3.0,2370000.0,10016,1,2019.0,nan, Condo
872,,4.0,4.0,4900000.0,11222,1,1915.0,nan, Condo
873,,11.0,6.0,1798000.0,11103,1,1928.0,nan, Multi Family
874,,2.0,2.0,725000.0,10039,1,2003.0,nan, Coop
875,,2.0,1.0,289000.0,11235,1,1956.0,nan, Coop
876,2.0,6.0,4.0,1999000.0,11220,1,1908.0,2003, Multi Family
877,2.0,4.0,3.0,948000.0,11379,41,1935.0,2000, Residential Income
878,2.0,4.0,2.0,559000.0,11423,1,1940.0,2000, Single Family Home
879,6.0,1.0,1.0,595000.0,11355,1,1960.0,50093.99999999999, Apartment
880,,2.0,2.0,2000000.0,10065,1,1908.0,nan, Coop
881,2.0,6.0,3.0,1225000.0,11223,1,1931.0,871200.0, Apartment
882,,,1.0,525000.0,10022,1,1970.0,nan, Coop
883,,3.0,3.0,1800000.0,10022,1,1908.0,nan, Coop
884,7.0,2.0,2.0,760000.0,11235,1,2000.0,nan, Condo
885,30.0,1.0,1.0,899000.0,11249,1,2008.0,77972.40000000001, Condo
886,,3.0,2.0,475000.0,10473,1,1962.0,nan, Coop
887,,1.0,1.0,760000.0,10027,1,2022.0,nan, Condo
888,,1.0,2.0,2580000.0,10019,1,1907.0,nan, Condo
889,1.0,2.0,2.0,699000.0,11234,1,1930.0,3000, Single Family Home
890,1.0,5.0,2.0,1500000.0,11433,1,1901.0,4000, Single Family Home
891,12.0,5.0,4.0,5797000.0,10024,1,1912.0,7662, Coop
892,6.0,2.0,1.0,358000.0,11354,7,1952.0,226512.0, Coop
893,,6.0,4.0,1950000.0,11355,11,1915.0,4000, Residential Income
894,2.0,4.0,2.0,159000.0,10301,12,1915.0,3001, Multi Family
895,,1.0,1.0,85000.0,10460,6,1931.0,nan, Residential
896,,1.0,1.0,119000.0,11230,11,1940.0,nan, Coop
897,,1.0,1.0,119000.0,10467,12,1910.0,nan, Residential
898,,1.0,1.0,120000.0,10462,13,1930.0,nan, Residential
899,,1.0,1.0,80000.0,10455,15,1925.0,nan, Residential
900,3.0,10.0,6.0,1350000.0,11234,1,1974.0,3583, Multi Family
901,2.0,3.0,2.0,739000.0,10314,1,1920.0,3600, Residential
902,2.0,3.0,2.0,689000.0,10306,1,1950.0,4000, Residential
903,2.0,3.0,3.0,1250000.0,10307,1,1945.0,16552.8, Residential
904,2.0,6.0,3.0,1225000.0,11223,1,1931.0,871200.0, Apartment
905,,1.0,1.0,450000.0,10022,1,1960.0,nan, Coop
906,,2.0,2.0,1200000.0,11201,1,,nan, Condo
907,,2.0,2.0,1595000.0,11201,1,1849.0,nan, Coop
908,2.0,3.0,2.0,880000.0,11361,1,1950.0,2642, Single Family Home
909,,2.0,2.0,725000.0,10039,1,2003.0,nan, Coop
910,,1.0,1.0,450000.0,10022,1,1960.0,nan, Coop
911,,6.0,4.0,1199999.0,11434,1,1940.0,nan, Condo
912,,2.0,2.0,1200000.0,11201,1,,nan, Condo
913,2.0,3.0,3.0,1050000.0,11235,1,1940.0,2000, Single Family Home
914,3.0,10.0,6.0,1350000.0,11234,1,1974.0,3583, Multi Family
915,,2.0,2.0,1595000.0,11201,1,1849.0,nan, Coop
916,3.0,13.0,11.0,4999000.0,11204,180,2015.0,5201, Apartment
917,,,3.0,899000.0,11212,1,,2000, Residential
918,,,,,,nan,,nan,
919,16.0,1.0,1.0,168000.0,10468,1,2007.0,355014.0, Coop
920,23.0,1.0,1.0,279000.0,11224,1,1964.0,189050.4, Coop
921,2.0,3.0,2.0,799000.0,11365,1,1940.0,1800, Single Family Home
922,2.0,3.0,2.0,739000.0,10314,1,1920.0,3600, Residential
923,2.0,3.0,2.0,689000.0,10306,1,1950.0,4000, Residential
924,3.0,2.0,2.0,524999.0,10309,1,1989.0,1550, Residential
925,2.0,3.0,3.0,1250000.0,10307,1,1945.0,16552.8, Residential
926,,3.0,2.0,2695000.0,11230,1,2017.0,nan, Condo
927,2.0,3.0,2.0,880000.0,11361,1,1950.0,2642, Single Family Home
928,,2.0,3.0,2370000.0,10016,1,2019.0,nan, Condo
929,,4.0,4.0,4900000.0,11222,1,1915.0,nan, Condo
930,,11.0,6.0,1798000.0,11103,1,1928.0,nan, Multi Family
931,,2.0,2.0,725000.0,10039,1,2003.0,nan, Coop
932,,2.0,1.0,289000.0,11235,1,1956.0,nan, Coop
933,2.0,6.0,4.0,1999000.0,11220,1,1908.0,2003, Multi Family
934,2.0,4.0,3.0,948000.0,11379,41,1935.0,2000, Residential Income
935,2.0,4.0,2.0,559000.0,11423,1,1940.0,2000, Single Family Home
936,6.0,1.0,1.0,595000.0,11355,1,1960.0,50093.99999999999, Apartment
937,,2.0,2.0,2000000.0,10065,1,1908.0,nan, Coop
938,2.0,6.0,3.0,1225000.0,11223,1,1931.0,871200.0, Apartment
939,,,1.0,525000.0,10022,1,1970.0,nan, Coop
940,,3.0,3.0,1800000.0,10022,1,1908.0,nan, Coop
941,7.0,2.0,2.0,760000.0,11235,1,2000.0,nan, Condo
942,30.0,1.0,1.0,899000.0,11249,1,2008.0,77972.40000000001, Condo
943,,3.0,2.0,475000.0,10473,1,1962.0,nan, Coop
944,,1.0,1.0,760000.0,10027,1,2022.0,nan, Condo
945,,1.0,2.0,2580000.0,10019,1,1907.0,nan, Condo
946,1.0,2.0,2.0,699000.0,11234,1,1930.0,3000, Single Family Home
947,1.0,5.0,2.0,1500000.0,11433,1,1901.0,4000, Single Family Home
948,12.0,5.0,4.0,5797000.0,10024,1,1912.0,7662, Coop
949,6.0,2.0,1.0,358000.0,11354,7,1952.0,226512.0, Coop
950,,6.0,4.0,1950000.0,11355,11,1915.0,4000, Residential Income
951,2.0,4.0,2.0,159000.0,10301,12,1915.0,3001, Multi Family
952,,1.0,1.0,85000.0,10460,6,1931.0,nan, Residential
953,,1.0,1.0,119000.0,11230,11,1940.0,nan, Coop
954,,1.0,1.0,119000.0,10467,12,1910.0,nan, Residential
955,,1.0,1.0,120000.0,10462,13,1930.0,nan, Residential
956,,1.0,1.0,80000.0,10455,15,1925.0,nan, Residential
957,3.0,10.0,6.0,1350000.0,11234,1,1974.0,3583, Multi Family
958,2.0,3.0,2.0,739000.0,10314,1,1920.0,3600, Residential
959,2.0,3.0,2.0,689000.0,10306,1,1950.0,4000, Residential
960,2.0,3.0,3.0,1250000.0,10307,1,1945.0,16552.8, Residential
961,2.0,6.0,3.0,1225000.0,11223,1,1931.0,871200.0, Apartment
962,,1.0,1.0,450000.0,10022,1,1960.0,nan, Coop
963,,2.0,2.0,1200000.0,11201,1,,nan, Condo
964,,2.0,2.0,1595000.0,11201,1,1849.0,nan, Coop
965,2.0,3.0,2.0,880000.0,11361,1,1950.0,2642, Single Family Home
966,,2.0,2.0,725000.0,10039,1,2003.0,nan, Coop
967,,1.0,1.0,450000.0,10022,1,1960.0,nan, Coop
968,,6.0,4.0,1199999.0,11434,1,1940.0,nan, Condo
969,,2.0,2.0,1200000.0,11201,1,,nan, Condo
970,2.0,3.0,3.0,1050000.0,11235,1,1940.0,2000, Single Family Home
971,3.0,10.0,6.0,1350000.0,11234,1,1974.0,3583, Multi Family
972,,2.0,2.0,1595000.0,11201,1,1849.0,nan, Coop
973,3.0,13.0,11.0,4999000.0,11204,180,2015.0,5201, Apartment
974,,,3.0,899000.0,11212,1,,2000, Residential
975,,,,,,nan,,nan,
976,16.0,1.0,1.0,168000.0,10468,1,2007.0,355014.0, Coop
977,23.0,1.0,1.0,279000.0,11224,1,1964.0,189050.4, Coop
978,2.0,3.0,2.0,799000.0,11365,1,1940.0,1800, Single Family Home
979,2.0,3.0,2.0,739000.0,10314,1,1920.0,3600, Residential
980,2.0,3.0,2.0,689000.0,10306,1,1950.0,4000, Residential
981,3.0,2.0,2.0,524999.0,10309,1,1989.0,1550, Residential
982,2.0,3.0,3.0,1250000.0,10307,1,1945.0,16552.8, Residential
983,,3.0,2.0,2695000.0,11230,1,2017.0,nan, Condo
984,2.0,3.0,2.0,880000.0,11361,1,1950.0,2642, Single Family Home
985,,2.0,3.0,2370000.0,10016,1,2019.0,nan, Condo
986,,4.0,4.0,4900000.0,11222,1,1915.0,nan, Condo
987,,11.0,6.0,1798000.0,11103,1,1928.0,nan, Multi Family
988,,2.0,2.0,725000.0,10039,1,2003.0,nan, Coop
989,,2.0,1.0,289000.0,11235,1,1956.0,nan, Coop
990,2.0,6.0,4.0,1999000.0,11220,1,1908.0,2003, Multi Family
991,2.0,4.0,3.0,948000.0,11379,41,1935.0,2000, Residential Income
992,2.0,4.0,2.0,559000.0,11423,1,1940.0,2000, Single Family Home
993,6.0,1.0,1.0,595000.0,11355,1,1960.0,50093.99999999999, Apartment
994,,2.0,2.0,2000000.0,10065,1,1908.0,nan, Coop
995,2.0,6.0,3.0,1225000.0,11223,1,1931.0,871200.0, Apartment
996,,,1.0,525000.0,10022,1,1970.0,nan, Coop
997,,3.0,3.0,1800000.0,10022,1,1908.0,nan, Coop
998,7.0,2.0,2.0,760000.0,11235,1,2000.0,nan, Condo
999,30.0,1.0,1.0,899000.0,11249,1,2008.0,77972.40000000001, Condo
1000,,3.0,2.0,475000.0,10473,1,1962.0,nan, Coop
1001,,1.0,1.0,760000.0,10027,1,2022.0,nan, Condo
1002,,1.0,2.0,2580000.0,10019,1,1907.0,nan, Condo
1003,1.0,2.0,2.0,699000.0,11234,1,1930.0,3000, Single Family Home
1004,1.0,5.0,2.0,1500000.0,11433,1,1901.0,4000, Single Family Home
1005,12.0,5.0,4.0,5797000.0,10024,1,1912.0,7662, Coop
1006,6.0,2.0,1.0,358000.0,11354,7,1952.0,226512.0, Coop
1007,,6.0,4.0,1950000.0,11355,11,1915.0,4000, Residential Income
1008,2.0,4.0,2.0,159000.0,10301,12,1915.0,3001, Multi Family
1009,,1.0,1.0,85000.0,10460,6,1931.0,nan, Residential
1010,,1.0,1.0,119000.0,11230,11,1940.0,nan, Coop
1011,,1.0,1.0,119000.0,10467,12,1910.0,nan, Residential
1012,,1.0,1.0,120000.0,10462,13,1930.0,nan, Residential
1013,,1.0,1.0,80000.0,10455,15,1925.0,nan, Residential
1014,3.0,10.0,6.0,1350000.0,11234,1,1974.0,3583, Multi Family
1015,2.0,3.0,2.0,739000.0,10314,1,1920.0,3600, Residential
1016,2.0,3.0,2.0,689000.0,10306,1,1950.0,4000, Residential
1017,2.0,3.0,3.0,1250000.0,10307,1,1945.0,16552.8, Residential
1018,2.0,6.0,3.0,1225000.0,11223,1,1931.0,871200.0, Apartment
1019,,1.0,1.0,450000.0,10022,1,1960.0,nan, Coop
1020,,2.0,2.0,1200000.0,11201,1,,nan, Condo
1021,,2.0,2.0,1595000.0,11201,1,1849.0,nan, Coop
1022,2.0,3.0,2.0,880000.0,11361,1,1950.0,2642, Single Family Home
1023,,2.0,2.0,725000.0,10039,1,2003.0,nan, Coop
1024,,1.0,1.0,450000.0,10022,1,1960.0,nan, Coop
1025,,6.0,4.0,1199999.0,11434,1,1940.0,nan, Condo
1026,,2.0,2.0,1200000.0,11201,1,,nan, Condo
1027,2.0,3.0,3.0,1050000.0,11235,1,1940.0,2000, Single Family Home
1028,3.0,10.0,6.0,1350000.0,11234,1,1974.0,3583, Multi Family
1029,,2.0,2.0,1595000.0,11201,1,1849.0,nan, Coop
1030,3.0,13.0,11.0,4999000.0,11204,180,2015.0,5201, Apartment
1031,,,3.0,899000.0,11212,1,,2000, Residential
1032,,,,,,nan,,nan,
1033,16.0,1.0,1.0,168000.0,10468,1,2007.0,355014.0, Coop
1034,23.0,1.0,1.0,279000.0,11224,1,1964.0,189050.4, Coop
1035,2.0,3.0,2.0,799000.0,11365,1,1940.0,1800, Single Family Home
1036,2.0,3.0,2.0,739000.0,10314,1,1920.0,3600, Residential
1037,2.0,3.0,2.0,689000.0,10306,1,1950.0,4000, Residential
1038,3.0,2.0,2.0,524999.0,10309,1,1989.0,1550, Residential
1039,2.0,3.0,3.0,1250000.0,10307,1,1945.0,16552.8, Residential
1040,,3.0,2.0,2695000.0,11230,1,2017.0,nan, Condo
1041,2.0,3.0,2.0,880000.0,11361,1,1950.0,2642, Single Family Home
1042,,2.0,3.0,2370000.0,10016,1,2019.0,nan, Condo
1043,,4.0,4.0,4900000.0,11222,1,1915.0,nan, Condo
1044,,11.0,6.0,1798000.0,11103,1,1928.0,nan, Multi Family
1045,,2.0,2.0,725000.0,10039,1,2003.0,nan, Coop
1046,,2.0,1.0,289000.0,11235,1,1956.0,nan, Coop
1047,2.0,6.0,4.0,1999000.0,11220,1,1908.0,2003, Multi Family
1048,2.0,4.0,3.0,948000.0,11379,41,1935.0,2000, Residential Income
1049,2.0,4.0,2.0,559000.0,11423,1,1940.0,2000, Single Family Home
1050,6.0,1.0,1.0,595000.0,11355,1,1960.0,50093.99999999999, Apartment
1051,,2.0,2.0,2000000.0,10065,1,1908.0,nan, Coop
1052,2.0,6.0,3.0,1225000.0,11223,1,1931.0,871200.0, Apartment
1053,,,1.0,525000.0,10022,1,1970.0,nan, Coop
1054,,3.0,3.0,1800000.0,10022,1,1908.0,nan, Coop
1055,7.0,2.0,2.0,760000.0,11235,1,2000.0,nan, Condo
1056,30.0,1.0,1.0,899000.0,11249,1,2008.0,77972.40000000001, Condo
1057,,3.0,2.0,475000.0,10473,1,1962.0,nan, Coop
1058,,1.0,1.0,760000.0,10027,1,2022.0,nan, Condo
1059,,1.0,2.0,2580000.0,10019,1,1907.0,nan, Condo
1060,1.0,2.0,2.0,699000.0,11234,1,1930.0,3000, Single Family Home
1061,1.0,5.0,2.0,1500000.0,11433,1,1901.0,4000, Single Family Home
1062,12.0,5.0,4.0,5797000.0,10024,1,1912.0,7662, Coop
1063,6.0,2.0,1.0,358000.0,11354,7,1952.0,226512.0, Coop
1064,,6.0,4.0,1950000.0,11355,11,1915.0,4000, Residential Income
1065,2.0,4.0,2.0,159000.0,10301,12,1915.0,3001, Multi Family
1066,,1.0,1.0,85000.0,10460,6,1931.0,nan, Residential
1067,,1.0,1.0,119000.0,11230,11,1940.0,nan, Coop
1068,,1.0,1.0,119000.0,10467,12,1910.0,nan, Residential
1069,,1.0,1.0,120000.0,10462,13,1930.0,nan, Residential
1070,,1.0,1.0,80000.0,10455,15,1925.0,nan, Residential
1071,3.0,10.0,6.0,1350000.0,11234,1,1974.0,3583, Multi Family
1072,2.0,3.0,2.0,739000.0,10314,1,1920.0,3600, Residential
1073,2.0,3.0,2.0,689000.0,10306,1,1950.0,4000, Residential
1074,2.0,3.0,3.0,1250000.0,10307,1,1945.0,16552.8, Residential
1075,2.0,6.0,3.0,1225000.0,11223,1,1931.0,871200.0, Apartment
1076,,1.0,1.0,450000.0,10022,1,1960.0,nan, Coop
1077,,2.0,2.0,1200000.0,11201,1,,nan, Condo
1078,,2.0,2.0,1595000.0,11201,1,1849.0,nan, Coop
1079,2.0,3.0,2.0,880000.0,11361,1,1950.0,2642, Single Family Home
1080,,2.0,2.0,725000.0,10039,1,2003.0,nan, Coop
1081,,1.0,1.0,450000.0,10022,1,1960.0,nan, Coop
1082,,6.0,4.0,1199999.0,11434,1,1940.0,nan, Condo
1083,,2.0,2.0,1200000.0,11201,1,,nan, Condo
1084,2.0,3.0,3.0,1050000.0,11235,1,1940.0,2000, Single Family Home
1085,3.0,10.0,6.0,1350000.0,11234,1,1974.0,3583, Multi Family
1086,,2.0,2.0,1595000.0,11201,1,1849.0,nan, Coop
1087,3.0,13.0,11.0,4999000.0,11204,180,2015.0,5201, Apartment
1088,,,3.0,899000.0,11212,1,,2000, Residential
1089,,,,,,nan,,nan,
1090,16.0,1.0,1.0,168000.0,10468,1,2007.0,355014.0, Coop
1091,23.0,1.0,1.0,279000.0,11224,1,1964.0,189050.4, Coop
1092,2.0,3.0,2.0,799000.0,11365,1,1940.0,1800, Single Family Home
1093,2.0,3.0,2.0,739000.0,10314,1,1920.0,3600, Residential
1094,2.0,3.0,2.0,689000.0,10306,1,1950.0,4000, Residential
1095,3.0,2.0,2.0,524999.0,10309,1,1989.0,1550, Residential
1096,2.0,3.0,3.0,1250000.0,10307,1,1945.0,16552.8, Residential
1097,,3.0,2.0,2695000.0,11230,1,2017.0,nan, Condo
1098,2.0,3.0,2.0,880000.0,11361,1,1950.0,2642, Single Family Home
1099,,2.0,3.0,2370000.0,10016,1,2019.0,nan, Condo
1100,,4.0,4.0,4900000.0,11222,1,1915.0,nan, Condo
1101,,11.0,6.0,1798000.0,11103,1,1928.0,nan, Multi Family
1102,,2.0,2.0,725000.0,10039,1,2003.0,nan, Coop
1103,,2.0,1.0,289000.0,11235,1,1956.0,nan, Coop
1104,2.0,6.0,4.0,1999000.0,11220,1,1908.0,2003, Multi Family
1105,2.0,4.0,3.0,948000.0,11379,41,1935.0,2000, Residential Income
1106,2.0,4.0,2.0,559000.0,11423,1,1940.0,2000, Single Family Home
1107,6.0,1.0,1.0,595000.0,11355,1,1960.0,50093.99999999999, Apartment
1108,,2.0,2.0,2000000.0,10065,1,1908.0,nan, Coop
1109,2.0,6.0,3.0,1225000.0,11223,1,1931.0,871200.0, Apartment
1110,,,1.0,525000.0,10022,1,1970.0,nan, Coop
1111,,3.0,3.0,1800000.0,10022,1,1908.0,nan, Coop
1112,7.0,2.0,2.0,760000.0,11235,1,2000.0,nan, Condo
1113,30.0,1.0,1.0,899000.0,11249,1,2008.0,77972.40000000001, Condo
1114,,3.0,2.0,475000.0,10473,1,1962.0,nan, Coop
1115,,1.0,1.0,760000.0,10027,1,2022.0,nan, Condo
1116,,1.0,2.0,2580000.0,10019,1,1907.0,nan, Condo
1117,1.0,2.0,2.0,699000.0,11234,1,1930.0,3000, Single Family Home
1118,1.0,5.0,2.0,1500000.0,11433,1,1901.0,4000, Single Family Home
1119,12.0,5.0,4.0,5797000.0,10024,1,1912.0,7662, Coop
1120,6.0,2.0,1.0,358000.0,11354,7,1952.0,226512.0, Coop
1121,,6.0,4.0,1950000.0,11355,11,1915.0,4000, Residential Income
1122,2.0,4.0,2.0,159000.0,10301,12,1915.0,3001, Multi Family
1123,,1.0,1.0,85000.0,10460,6,1931.0,nan, Residential
1124,,1.0,1.0,119000.0,11230,11,1940.0,nan, Coop
1125,,1.0,1.0,119000.0,10467,12,1910.0,nan, Residential
1126,,1.0,1.0,120000.0,10462,13,1930.0,nan, Residential
1127,,1.0,1.0,80000.0,10455,15,1925.0,nan, Residential
1128,3.0,10.0,6.0,1350000.0,11234,1,1974.0,3583, Multi Family
1129,2.0,3.0,2.0,739000.0,10314,1,1920.0,3600, Residential
1130,2.0,3.0,2.0,689000.0,10306,1,1950.0,4000, Residential
1131,2.0,3.0,3.0,1250000.0,10307,1,1945.0,16552.8, Residential
1132,2.0,6.0,3.0,1225000.0,11223,1,1931.0,871200.0, Apartment
